{
  "keyword": null,
  "totalItems": 28,
  "lastUpdate": "2026-01-14T07:01:37.528Z",
  "data": [
    {
      "id": 2623795,
      "name": "adidas Community Animation Pack",
      "bundledItems": {
        "1": [
          123695349157584
        ],
        "2": [
          93993406355955
        ],
        "3": [
          106810508343012
        ],
        "4": [
          106537993816942
        ],
        "5": [
          126354114956642
        ],
        "6": [
          124765145869332
        ],
        "7": [
          115715495289805
        ]
      }
    },
    {
      "id": 4294795,
      "name": "adidas aura animation pack",
      "bundledItems": {
        "1": [
          140398319728398
        ],
        "2": [
          99457463463495
        ],
        "3": [
          129527230938281
        ],
        "4": [
          123973978164540
        ],
        "5": [
          73137983344853
        ],
        "6": [
          119007025452432
        ],
        "7": [
          75183215343859
        ]
      }
    },
    {
      "id": 667,
      "name": "Oldschool Animation Pack",
      "bundledItems": {
        "1": [
          5319900634
        ],
        "2": [
          5319909330
        ],
        "3": [
          5319914476
        ],
        "4": [
          5319917561
        ],
        "5": [
          5319922112
        ],
        "6": [
          5319927054
        ],
        "7": [
          5319931619
        ]
      }
    },
    {
      "id": 1189398,
      "name": "Wicked Popular Animation Pack",
      "bundledItems": {
        "1": [
          135810009801094
        ],
        "2": [
          83937116921114
        ],
        "3": [
          130373407996664
        ],
        "4": [
          101839542383818
        ],
        "5": [
          136276875045281
        ],
        "6": [
          128475661806875
        ],
        "7": [
          133304526526319
        ]
      }
    },
    {
      "id": 83,
      "name": "Stylish Animation Pack",
      "bundledItems": {
        "1": [
          619509955
        ],
        "2": [
          619511417
        ],
        "3": [
          619511648
        ],
        "4": [
          619511974
        ],
        "5": [
          619512153
        ],
        "6": [
          619512450
        ],
        "7": [
          619512767
        ]
      }
    },
    {
      "id": 82,
      "name": "Robot Animation Pack",
      "bundledItems": {
        "1": [
          619521311
        ],
        "2": [
          619521521
        ],
        "3": [
          619521748
        ],
        "4": [
          619522088
        ],
        "5": [
          619522386
        ],
        "6": [
          619522642
        ],
        "7": [
          619522849
        ]
      }
    },
    {
      "id": 356,
      "name": "Rthro Animation Package",
      "bundledItems": {
        "1": [
          2510230574
        ],
        "2": [
          2510233257
        ],
        "3": [
          2510235063
        ],
        "4": [
          2510236649
        ],
        "5": [
          2510238627
        ],
        "6": [
          2510240941
        ],
        "7": [
          2510242378
        ]
      }
    },
    {
      "id": 427999,
      "name": "adidas Sports Animation Pack",
      "bundledItems": {
        "1": [
          18538133604
        ],
        "2": [
          18538146480
        ],
        "3": [
          18538150608
        ],
        "4": [
          18538153691
        ],
        "5": [
          18538158932
        ],
        "6": [
          18538164337
        ],
        "7": [
          18538170170
        ]
      }
    },
    {
      "id": 1601900,
      "name": "Catwalk Glam Animation Pack by e.l.f.",
      "bundledItems": {
        "1": [
          104741822987331
        ],
        "2": [
          72706690305027
        ],
        "3": [
          138641066989023
        ],
        "4": [
          75036746190467
        ],
        "5": [
          101279640971758
        ],
        "6": [
          112231179705221
        ],
        "7": [
          103190462987721
        ]
      }
    },
    {
      "id": 43,
      "name": "Toy Animation Pack",
      "bundledItems": {
        "1": [
          973766674
        ],
        "2": [
          973767371
        ],
        "3": [
          973768058
        ],
        "4": [
          973770652
        ],
        "5": [
          973771666
        ],
        "6": [
          973772659
        ],
        "7": [
          973773170
        ]
      }
    },
    {
      "id": 80,
      "name": "Zombie Animation Pack",
      "bundledItems": {
        "1": [
          619535091
        ],
        "2": [
          619535616
        ],
        "3": [
          619535834
        ],
        "4": [
          619536283
        ],
        "5": [
          619536621
        ],
        "6": [
          619537096
        ],
        "7": [
          619537468
        ]
      }
    },
    {
      "id": 63,
      "name": "Mage Animation Package",
      "bundledItems": {
        "1": [
          754635032
        ],
        "2": [
          754636298
        ],
        "3": [
          754636589
        ],
        "4": [
          754637084
        ],
        "5": [
          754637456
        ],
        "6": [
          754638471
        ],
        "7": [
          754639239
        ]
      }
    },
    {
      "id": 331856,
      "name": "Bold Animation Pack by e.l.f.",
      "bundledItems": {
        "1": [
          16744204409
        ],
        "2": [
          16744207822
        ],
        "3": [
          16744209868
        ],
        "4": [
          16744212581
        ],
        "5": [
          16744214662
        ],
        "6": [
          16744217055
        ],
        "7": [
          16744219182
        ]
      }
    },
    {
      "id": 4164795,
      "name": "Unboxed Animation Pack by Amazon",
      "bundledItems": {
        "1": [
          117011755848398
        ],
        "2": [
          125108870423182
        ],
        "3": [
          110418911914024
        ],
        "4": [
          114998633936467
        ],
        "5": [
          82219139681769
        ],
        "6": [
          137392271797713
        ],
        "7": [
          128339543796138
        ]
      }
    },
    {
      "id": 56,
      "name": "Cartoony Animation Package",
      "bundledItems": {
        "1": [
          837009922
        ],
        "2": [
          837010234
        ],
        "3": [
          837010685
        ],
        "4": [
          837011171
        ],
        "5": [
          837011741
        ],
        "6": [
          837012509
        ],
        "7": [
          837013990
        ]
      }
    },
    {
      "id": 39,
      "name": "Bubbly Animation Package",
      "bundledItems": {
        "1": [
          1018554245
        ],
        "2": [
          1018553897
        ],
        "3": [
          1018553240
        ],
        "4": [
          1018552770
        ],
        "5": [
          1018549681
        ],
        "6": [
          1018548665
        ],
        "7": [
          1018554668
        ]
      }
    },
    {
      "id": 48,
      "name": "Elder Animation Package",
      "bundledItems": {
        "1": [
          892267099
        ],
        "2": [
          892267521
        ],
        "3": [
          892267917
        ],
        "4": [
          892268340
        ],
        "5": [
          892268710
        ],
        "6": [
          892269341
        ],
        "7": [
          892265784
        ]
      }
    },
    {
      "id": 455003,
      "name": "No Boundaries Animation Pack by Walmart",
      "bundledItems": {
        "1": [
          18755919175
        ],
        "2": [
          18755922352
        ],
        "3": [
          18755930927
        ],
        "4": [
          18755925411
        ],
        "5": [
          18755933883
        ],
        "6": [
          18755938274
        ],
        "7": [
          18755942776
        ]
      }
    },
    {
      "id": 33,
      "name": "Vampire Animation Pack",
      "bundledItems": {
        "1": [
          1113740510
        ],
        "2": [
          1113741192
        ],
        "3": [
          1113742092
        ],
        "4": [
          1113742359
        ],
        "5": [
          1113742618
        ],
        "6": [
          1113742944
        ],
        "7": [
          1113743239
        ]
      }
    },
    {
      "id": 75,
      "name": "Ninja Animation Package",
      "bundledItems": {
        "1": [
          658830056
        ],
        "2": [
          658831143
        ],
        "3": [
          658831500
        ],
        "4": [
          658832070
        ],
        "5": [
          658832408
        ],
        "6": [
          658832807
        ],
        "7": [
          658833139
        ]
      }
    },
    {
      "id": 81,
      "name": "Superhero Animation Pack",
      "bundledItems": {
        "1": [
          619527470
        ],
        "2": [
          619527817
        ],
        "3": [
          619528125
        ],
        "4": [
          619528412
        ],
        "5": [
          619528716
        ],
        "6": [
          619529095
        ],
        "7": [
          619529601
        ]
      }
    },
    {
      "id": 4128695,
      "name": "Wicked \"Dancing Through Life\" Animation Pack",
      "bundledItems": {
        "1": [
          123509187015792
        ],
        "2": [
          124742764102674
        ],
        "3": [
          79789194522561
        ],
        "4": [
          111157411630082
        ],
        "5": [
          82682578794949
        ],
        "6": [
          135050138303161
        ],
        "7": [
          94133616443608
        ]
      }
    },
    {
      "id": 79,
      "name": "Levitation Animation Pack",
      "bundledItems": {
        "1": [
          619541458
        ],
        "2": [
          619541867
        ],
        "3": [
          619542203
        ],
        "4": [
          619542888
        ],
        "5": [
          619543231
        ],
        "6": [
          619543721
        ],
        "7": [
          619544080
        ]
      }
    },
    {
      "id": 932296,
      "name": "NFL Animation Pack",
      "bundledItems": {
        "1": [
          122757794615785
        ],
        "2": [
          123307994439772
        ],
        "3": [
          101094325978637
        ],
        "4": [
          140600227095432
        ],
        "5": [
          84823630062362
        ],
        "6": [
          136750772888868
        ],
        "7": [
          120071305586627
        ]
      }
    },
    {
      "id": 32,
      "name": "Werewolf Animation Pack",
      "bundledItems": {
        "1": [
          1113750642
        ],
        "2": [
          1113751657
        ],
        "3": [
          1113751889
        ],
        "4": [
          1113752285
        ],
        "5": [
          1113752682
        ],
        "6": [
          1113752975
        ],
        "7": [
          1113754738
        ]
      }
    },
    {
      "id": 68,
      "name": "Knight Animation Package",
      "bundledItems": {
        "1": [
          734325948
        ],
        "2": [
          734326330
        ],
        "3": [
          734326679
        ],
        "4": [
          734326930
        ],
        "5": [
          734327140
        ],
        "6": [
          734327363
        ],
        "7": [
          734329002
        ]
      }
    },
    {
      "id": 34,
      "name": "Astronaut Animation Pack",
      "bundledItems": {
        "1": [
          1090130630
        ],
        "2": [
          1090131576
        ],
        "3": [
          1090132063
        ],
        "4": [
          1090132507
        ],
        "5": [
          1090133099
        ],
        "6": [
          1090133583
        ],
        "7": [
          1090134016
        ]
      }
    },
    {
      "id": 55,
      "name": "Pirate Animation Package",
      "bundledItems": {
        "1": [
          837023444
        ],
        "2": [
          837023892
        ],
        "3": [
          837024147
        ],
        "4": [
          837024350
        ],
        "5": [
          837024662
        ],
        "6": [
          837025054
        ],
        "7": [
          837025325
        ]
      }
    }
  ]
}